flow_1,flow_2,flow_3,dist,loss
1.0,5.0,3.0,1.0,1.0
1.0,5.0,3.0,2.0,2.0
1.0,5.0,3.0,4.0,10.0
1.0,2.0,1.0,2.0,2.0
1.0,2.0,1.0,2.000000014901161,2.0000000298023224
1.0,2.0,1.0,0.0,2.0
1.0,2.0,1.0,1.0,1.0
1.0,2.0,1.0,1.0000000149011612,1.0000000000000002
1.0,2.0,1.0,2.00000001,2.00000002
1.0,2.0,1.0,1.00000001,1.0
